id,first_name,last_name,email,gender
1,Rica,Kitchaside,rkitchaside0@reverbnation.com,Female
2,Lucila,Legate,llegate1@oakley.com,Female
3,Ephrayim,De Witt,edewitt2@gmpg.org,Male
4,Illa,McGilmartin,imcgilmartin3@oakley.com,Female
5,Nichols,Esom,nesom4@sciencedaily.com,Male
6,Caria,Mattinson,cmattinson5@npr.org,Genderqueer
7,Grannie,Leser,gleser6@samsung.com,Non-binary
8,Brana,Wyer,bwyer7@sakura.ne.jp,Female
9,Nanette,Knapper,nknapper8@51.la,Female
10,Leelah,O'Corren,locorren9@blogtalkradio.com,Female
11,Waylen,Aisbett,waisbetta@sun.com,Male
12,Bengt,Kettleson,bkettlesonb@uol.com.br,Bigender
13,Linc,Gridon,lgridonc@simplemachines.org,Male
14,Winnah,Proschek,wproschekd@nyu.edu,Female
15,Wilone,Dubble,wdubblee@seattletimes.com,Female
16,Shannah,Gunton,sguntonf@mtv.com,Female
17,Aubrie,Deluca,adelucag@state.tx.us,Agender
18,Bliss,Trouncer,btrouncerh@barnesandnoble.com,Female
19,Elysee,Dudgeon,edudgeoni@apple.com,Polygender
20,Charleen,Shall,cshallj@cargocollective.com,Female
21,Tobie,Lief,tliefk@angelfire.com,Male
22,Nicola,Zanazzi,nzanazzil@4shared.com,Male
23,Arthur,Ahearne,aahearnem@dell.com,Male
24,Gerrard,Goodlud,ggoodludn@timesonline.co.uk,Male
25,Lynn,Duker,ldukero@jimdo.com,Male
26,Perrine,Mussettini,pmussettinip@wiley.com,Female
27,Doralynn,Fosken,dfoskenq@amazon.co.uk,Bigender
28,Abby,Bellworthy,abellworthyr@oracle.com,Male
29,Lucienne,Vinten,lvintens@smugmug.com,Female
30,Pernell,Dressel,pdresselt@mozilla.com,Male
31,Winifred,Cardillo,wcardillou@elegantthemes.com,Female
32,Anny,Teodori,ateodoriv@prnewswire.com,Female
33,Adriena,Desseine,adesseinew@fc2.com,Female
34,Durante,Kaaskooper,dkaaskooperx@nature.com,Male
35,Jan,Anstie,janstiey@independent.co.uk,Male
36,Randall,Eyckelberg,reyckelbergz@home.pl,Male
37,Denys,Dalton,ddalton10@marriott.com,Male
38,Drucy,Novic,dnovic11@si.edu,Female
39,Myrilla,Sturgess,msturgess12@noaa.gov,Female
40,Dita,Haquard,dhaquard13@jimdo.com,Female
41,Spenser,Posnett,sposnett14@ca.gov,Male
42,Sheppard,Kennford,skennford15@cbslocal.com,Male
43,Vail,Corpe,vcorpe16@exblog.jp,Non-binary
44,Shaughn,Issacson,sissacson17@histats.com,Male
45,Marianna,Boylund,mboylund18@seattletimes.com,Female
46,Broderic,Jeal,bjeal19@ucsd.edu,Male
47,Alvie,Rodgier,arodgier1a@businesswire.com,Male
48,Amalita,Winterbotham,awinterbotham1b@google.nl,Female
49,Aldrich,McCheyne,amccheyne1c@odnoklassniki.ru,Male
50,Darrick,Coot,dcoot1d@wix.com,Male
51,Fabiano,Myhill,fmyhill1e@jugem.jp,Male
52,Edwin,Priestnall,epriestnall1f@phoca.cz,Male
53,Hi,Behan,hbehan1g@parallels.com,Male
54,Minetta,Nice,mnice1h@mozilla.org,Female
55,Carroll,Oty,coty1i@si.edu,Female
56,Tanney,Falconer,tfalconer1j@abc.net.au,Male
57,Deny,Decaze,ddecaze1k@mozilla.org,Female
58,Abigale,Fassum,afassum1l@yelp.com,Female
59,Flory,Clissold,fclissold1m@wix.com,Female
60,Siana,Mattityahou,smattityahou1n@webs.com,Female
61,Alidia,Daens,adaens1o@upenn.edu,Female
62,Harper,Gook,hgook1p@booking.com,Male
63,Amalea,Casillas,acasillas1q@skyrock.com,Female
64,Trudie,Cogger,tcogger1r@e-recht24.de,Female
65,Carena,Wildber,cwildber1s@google.com.br,Female
66,Marcille,McWhirter,mmcwhirter1t@time.com,Female
67,Trixy,Everwin,teverwin1u@zdnet.com,Female
68,Yolande,Sedgwick,ysedgwick1v@cargocollective.com,Female
69,Britta,Blandamore,bblandamore1w@woothemes.com,Female
70,Dannel,Tessier,dtessier1x@globo.com,Male
71,Jacquenette,Smeath,jsmeath1y@mail.ru,Female
72,Jamie,Meiningen,jmeiningen1z@cam.ac.uk,Male
73,Spense,Burland,sburland20@reuters.com,Male
74,Sibbie,Farlow,sfarlow21@addthis.com,Female
75,Andrew,Orsman,aorsman22@xinhuanet.com,Male
76,Phedra,Nore,pnore23@liveinternet.ru,Female
77,Jens,Dunk,jdunk24@spotify.com,Male
78,Nannie,McWhannel,nmcwhannel25@indiegogo.com,Female
79,Rosaline,Whiles,rwhiles26@meetup.com,Female
80,Teddy,Yvon,tyvon27@freewebs.com,Male
81,Grata,Cadlock,gcadlock28@yahoo.com,Female
82,Cynde,Oboy,coboy29@auda.org.au,Female
83,Modesta,Gong,mgong2a@homestead.com,Female
84,Guinevere,Menghi,gmenghi2b@hatena.ne.jp,Female
85,Vance,Ferrarone,vferrarone2c@yelp.com,Male
86,Oneida,Korba,okorba2d@xing.com,Female
87,Camilla,Langfield,clangfield2e@marriott.com,Female
88,Hyatt,Gellibrand,hgellibrand2f@blogspot.com,Male
89,Kelci,Dransfield,kdransfield2g@home.pl,Female
90,Evelyn,Sheers,esheers2h@apple.com,Male
91,Mariya,Alywen,malywen2i@google.de,Female
92,Sharity,Readett,sreadett2j@liveinternet.ru,Female
93,Vivian,Evershed,vevershed2k@census.gov,Female
94,Alejandro,Schade,aschade2l@github.io,Male
95,Euell,Craik,ecraik2m@devhub.com,Male
96,Gabi,Yitzhakov,gyitzhakov2n@yahoo.co.jp,Female
97,Raul,Acaster,racaster2o@people.com.cn,Male
98,Stillmann,Hastwell,shastwell2p@weather.com,Male
99,Ag,Edmundson,aedmundson2q@rambler.ru,Female
100,Swen,Burfitt,sburfitt2r@sbwire.com,Male
101,Velma,Bellringer,vbellringer2s@spotify.com,Female
102,Carmina,Newe,cnewe2t@fotki.com,Female
103,Bailie,Eaglestone,beaglestone2u@multiply.com,Genderqueer
104,Adrian,Rodgerson,arodgerson2v@usa.gov,Male
105,Brockie,Kuhlmey,bkuhlmey2w@hexun.com,Male
106,Erik,Fanthome,efanthome2x@webeden.co.uk,Male
107,Angie,Prugel,aprugel2y@vk.com,Female
108,Emanuele,West-Frimley,ewestfrimley2z@cargocollective.com,Male
109,Malinda,de Courcy,mdecourcy30@hibu.com,Female
110,Uri,Johncey,ujohncey31@blogtalkradio.com,Male
111,Pansie,Rubinsztein,prubinsztein32@nationalgeographic.com,Female
112,Dmitri,Trahar,dtrahar33@ucsd.edu,Male
113,Blaine,Phipson,bphipson34@springer.com,Male
114,Gaye,Chatteris,gchatteris35@sciencedirect.com,Female
115,Verna,Laraway,vlaraway36@examiner.com,Female
116,Elwin,Ludlam,eludlam37@walmart.com,Male
117,Winne,Giorgietto,wgiorgietto38@icq.com,Agender
118,Cory,Lanfranchi,clanfranchi39@alexa.com,Male
119,Mahmud,Pankethman,mpankethman3a@liveinternet.ru,Male
120,Kettie,Adie,kadie3b@surveymonkey.com,Female
121,Meagan,Mepham,mmepham3c@umn.edu,Female
122,Zelig,Antat,zantat3d@cbsnews.com,Male
123,Alisha,Rickaby,arickaby3e@com.com,Female
124,Cirilo,Bulmer,cbulmer3f@dagondesign.com,Male
125,Audre,Reucastle,areucastle3g@studiopress.com,Female
126,Boris,Noraway,bnoraway3h@illinois.edu,Male
127,Abe,Brettell,abrettell3i@twitpic.com,Male
128,Rudolph,Gouldeby,rgouldeby3j@indiatimes.com,Male
129,Neale,Brodeur,nbrodeur3k@apache.org,Male
130,Gilda,Griffitt,ggriffitt3l@examiner.com,Female
131,Scot,Terrington,sterrington3m@bloglovin.com,Male
132,Tonia,Barrie,tbarrie3n@un.org,Female
133,Claybourne,Broadbury,cbroadbury3o@xinhuanet.com,Male
134,Byrle,Grovier,bgrovier3p@washington.edu,Male
135,Lemar,Drewitt,ldrewitt3q@imageshack.us,Male
136,Stillman,Mantle,smantle3r@zdnet.com,Male
137,Amii,Belk,abelk3s@shareasale.com,Female
138,Ingram,Hofner,ihofner3t@amazon.com,Male
139,Dewain,Pitchers,dpitchers3u@uiuc.edu,Genderqueer
140,Fonz,Varran,fvarran3v@devhub.com,Male
141,Joela,Ruppelin,jruppelin3w@miibeian.gov.cn,Female
142,Jory,Steger,jsteger3x@hhs.gov,Genderfluid
143,Teresa,De Witt,tdewitt3y@economist.com,Female
144,Gerald,Hanner,ghanner3z@shinystat.com,Male
145,Joelynn,Pressnell,jpressnell40@amazon.co.uk,Female
146,Lin,Muncey,lmuncey41@cargocollective.com,Female
147,Cordy,Myall,cmyall42@irs.gov,Male
148,Matthew,Angear,mangear43@businessweek.com,Male
149,Anitra,Schmuhl,aschmuhl44@ebay.com,Female
150,Con,Turner,cturner45@stumbleupon.com,Male
151,Alan,Drieu,adrieu46@archive.org,Male
152,Carmella,Comsty,ccomsty47@howstuffworks.com,Female
153,Miriam,Pailin,mpailin48@spotify.com,Female
154,Leese,Pember,lpember49@oaic.gov.au,Genderfluid
155,Clywd,Woodgate,cwoodgate4a@wufoo.com,Male
156,Pennie,Suarez,psuarez4b@illinois.edu,Female
157,Lothario,Lippett,llippett4c@studiopress.com,Male
158,Job,Tregensoe,jtregensoe4d@moonfruit.com,Male
159,Frankie,Lyddyard,flyddyard4e@desdev.cn,Genderfluid
160,Bibbie,Johansen,bjohansen4f@sbwire.com,Female
161,Tandie,Bellis,tbellis4g@fda.gov,Female
162,Kerrill,Ledur,kledur4h@oaic.gov.au,Female
163,Klarika,Remer,kremer4i@ehow.com,Bigender
164,Cornell,Dahmel,cdahmel4j@fotki.com,Male
165,Cozmo,Mosdell,cmosdell4k@jalbum.net,Male
166,Joyce,Coupman,jcoupman4l@smh.com.au,Female
167,Waylin,McRoberts,wmcroberts4m@addthis.com,Male
168,Margarethe,Lillow,mlillow4n@walmart.com,Female
169,Margeaux,Pala,mpala4o@arizona.edu,Female
170,Winifred,Matskiv,wmatskiv4p@google.it,Agender
171,Maureene,Lundie,mlundie4q@umn.edu,Female
172,Salvidor,Frossell,sfrossell4r@nature.com,Male
173,Micky,Scardifield,mscardifield4s@state.gov,Male
174,Terrill,O' Reagan,toreagan4t@virginia.edu,Male
175,Wally,Castelain,wcastelain4u@nasa.gov,Female
176,Kassia,Archley,karchley4v@51.la,Female
177,George,Garnall,ggarnall4w@ed.gov,Male
178,Bren,Cutchie,bcutchie4x@ibm.com,Male
179,Davidde,Nicolls,dnicolls4y@123-reg.co.uk,Male
180,Collie,Matteau,cmatteau4z@state.tx.us,Female
181,Christophe,Whitham,cwhitham50@seesaa.net,Male
182,Johann,Attrey,jattrey51@alexa.com,Male
183,Georgia,McConnal,gmcconnal52@dion.ne.jp,Female
184,Dorine,Vassbender,dvassbender53@google.es,Female
185,Tawnya,Eadmeads,teadmeads54@spiegel.de,Female
186,Brynn,Elster,belster55@delicious.com,Female
187,Burl,Duxbarry,bduxbarry56@canalblog.com,Male
188,Jerald,Brandsen,jbrandsen57@icq.com,Male
189,Nathanael,Chattell,nchattell58@mozilla.org,Male
190,Rosanne,Beisley,rbeisley59@wikispaces.com,Polygender
191,Jan,Kennedy,jkennedy5a@addtoany.com,Male
192,Lind,Finlason,lfinlason5b@aol.com,Female
193,Loella,Jurkowski,ljurkowski5c@linkedin.com,Female
194,Tess,Nosworthy,tnosworthy5d@t-online.de,Female
195,Analise,McConnulty,amcconnulty5e@ask.com,Female
196,Nicolina,Rylett,nrylett5f@purevolume.com,Female
197,Del,Speak,dspeak5g@wp.com,Polygender
198,Tiena,Mayfield,tmayfield5h@newyorker.com,Female
199,Donny,Braithwaite,dbraithwaite5i@google.it,Male
200,Meryl,Weldrick,mweldrick5j@discuz.net,Male
201,Vilhelmina,Plait,vplait5k@w3.org,Female
202,Culley,Persian,cpersian5l@wp.com,Male
203,Greta,Gilbertson,ggilbertson5m@wikispaces.com,Female
204,Norina,Lechmere,nlechmere5n@java.com,Female
205,Charyl,Sickling,csickling5o@dmoz.org,Female
206,Lesley,Alleyne,lalleyne5p@independent.co.uk,Male
207,Cordy,Iddon,ciddon5q@ask.com,Male
208,Westbrook,Barham,wbarham5r@bloglines.com,Male
209,Cindy,Halcro,chalcro5s@answers.com,Female
210,Ted,Domsalla,tdomsalla5t@macromedia.com,Male
211,Shell,Haith,shaith5u@va.gov,Male
212,Florentia,Brettle,fbrettle5v@mashable.com,Female
213,Shayla,Creelman,screelman5w@cloudflare.com,Genderqueer
214,Dorey,Ions,dions5x@admin.ch,Female
215,Abdel,Aidler,aaidler5y@ask.com,Male
216,Norrie,Hammatt,nhammatt5z@ihg.com,Female
217,Marjorie,Guirau,mguirau60@etsy.com,Female
218,Joanie,Blockley,jblockley61@surveymonkey.com,Female
219,Natasha,Wotton,nwotton62@theglobeandmail.com,Genderqueer
220,Tamiko,Dregan,tdregan63@seesaa.net,Female
221,Stavros,Ekell,sekell64@goodreads.com,Male
222,Mari,Daborn,mdaborn65@youtu.be,Female
223,Hal,Davidman,hdavidman66@netvibes.com,Non-binary
224,Cathie,Lorroway,clorroway67@zdnet.com,Female
225,Sharyl,Seak,sseak68@mlb.com,Female
226,Kilian,Geere,kgeere69@goo.ne.jp,Male
227,Avril,Carncross,acarncross6a@buzzfeed.com,Female
228,Deloria,Blackater,dblackater6b@example.com,Female
229,Bobbye,Hattigan,bhattigan6c@tiny.cc,Female
230,Karoly,Gisburne,kgisburne6d@google.com.hk,Male
231,Shelia,Willcox,swillcox6e@discuz.net,Female
232,William,Hellens,whellens6f@163.com,Male
233,Noelle,Rosedale,nrosedale6g@altervista.org,Female
234,Garvy,Finan,gfinan6h@google.es,Male
235,Nicola,Ashenhurst,nashenhurst6i@cafepress.com,Male
236,Ethan,Cockayme,ecockayme6j@technorati.com,Male
237,Hakim,Sweeting,hsweeting6k@cafepress.com,Male
238,Hildagard,Chadwen,hchadwen6l@squidoo.com,Agender
239,Amble,Burnsell,aburnsell6m@google.com.br,Male
240,Teodora,Avrahamian,tavrahamian6n@is.gd,Female
241,Alexandr,Heinrici,aheinrici6o@tinyurl.com,Male
242,Vassili,Linggood,vlinggood6p@odnoklassniki.ru,Male
243,Parsifal,Order,porder6q@admin.ch,Male
244,Yorgo,Ricson,yricson6r@senate.gov,Male
245,Analiese,Kenyon,akenyon6s@sina.com.cn,Female
246,Roy,Moorton,rmoorton6t@sun.com,Male
247,Kerianne,Blundel,kblundel6u@usda.gov,Female
248,Berny,Tittershill,btittershill6v@goo.ne.jp,Male
249,Leonid,MacNamee,lmacnamee6w@google.pl,Male
250,Romain,Dumsday,rdumsday6x@histats.com,Male
251,Sherwynd,Roback,sroback6y@google.pl,Male
252,Una,Schruyers,uschruyers6z@sitemeter.com,Female
253,Dur,Zannotelli,dzannotelli70@yale.edu,Male
254,Odessa,Grimsell,ogrimsell71@digg.com,Female
255,Allistir,Seger,aseger72@sun.com,Male
256,Angelita,Dannell,adannell73@exblog.jp,Female
257,Grenville,Ollington,gollington74@macromedia.com,Male
258,Parsifal,Celier,pcelier75@businesswire.com,Male
259,Carlen,Davidoff,cdavidoff76@plala.or.jp,Female
260,Nicolle,Riby,nriby77@example.com,Female
261,Pyotr,Stern,pstern78@cam.ac.uk,Male
262,Malorie,Clemmey,mclemmey79@fda.gov,Female
263,Annora,Climie,aclimie7a@adobe.com,Female
264,Carlin,Wiper,cwiper7b@surveymonkey.com,Bigender
265,Stephi,Liggins,sliggins7c@ameblo.jp,Female
266,Phyllida,Vitall,pvitall7d@list-manage.com,Female
267,Kalil,Oakenford,koakenford7e@qq.com,Male
268,Morie,Beautyman,mbeautyman7f@ox.ac.uk,Male
269,Devinne,Macieja,dmacieja7g@jalbum.net,Female
270,Drucill,Dalliwatr,ddalliwatr7h@webnode.com,Female
271,Petra,Gerhardt,pgerhardt7i@time.com,Female
272,Anatol,Glisenan,aglisenan7j@addthis.com,Polygender
273,Matty,Gatty,mgatty7k@e-recht24.de,Male
274,Luce,Gewer,lgewer7l@loc.gov,Genderqueer
275,Blondell,Swindlehurst,bswindlehurst7m@acquirethisname.com,Female
276,Korella,Pexton,kpexton7n@dmoz.org,Female
277,Bendix,Verry,bverry7o@bloomberg.com,Male
278,Pinchas,Harvatt,pharvatt7p@wikia.com,Male
279,Anny,Emms,aemms7q@indiatimes.com,Agender
280,Zack,Helsby,zhelsby7r@tamu.edu,Male
281,Vilma,Palia,vpalia7s@xrea.com,Female
282,Bev,Darrel,bdarrel7t@eventbrite.com,Female
283,Lusa,Shreeve,lshreeve7u@sphinn.com,Female
284,Eddy,Pullar,epullar7v@wordpress.com,Male
285,Misha,Mustchin,mmustchin7w@ovh.net,Female
286,Tremaine,D'Agostini,tdagostini7x@japanpost.jp,Male
287,Bertie,Scahill,bscahill7y@washington.edu,Non-binary
288,Dilan,McReynolds,dmcreynolds7z@networkadvertising.org,Male
289,Mattie,Gallagher,mgallagher80@simplemachines.org,Male
290,Angelia,Luberto,aluberto81@multiply.com,Genderfluid
291,Jenilee,Mulder,jmulder82@webs.com,Non-binary
292,Jocelin,Ricciardi,jricciardi83@yelp.com,Female
293,Giorgi,Monsey,gmonsey84@smugmug.com,Male
294,Baldwin,Croci,bcroci85@qq.com,Male
295,Gunner,MacKegg,gmackegg86@g.co,Male
296,Marie-jeanne,Grouse,mgrouse87@cargocollective.com,Polygender
297,Shelley,Vasovic,svasovic88@vistaprint.com,Male
298,Lindy,Bahls,lbahls89@ihg.com,Male
299,Nolie,Jaze,njaze8a@psu.edu,Female
300,Adiana,Menlove,amenlove8b@tiny.cc,Female
301,Ninon,Buckett,nbuckett8c@shinystat.com,Female
302,Richmound,McLarty,rmclarty8d@reddit.com,Male
303,Maryann,Dawdary,mdawdary8e@ocn.ne.jp,Female
304,Joanna,Kemmis,jkemmis8f@themeforest.net,Female
305,Faustina,Jobbings,fjobbings8g@hhs.gov,Female
306,Branden,Abrahami,babrahami8h@yahoo.com,Male
307,Claudie,Filipyev,cfilipyev8i@hp.com,Female
308,Vivian,Vasyushkhin,vvasyushkhin8j@shutterfly.com,Female
309,Kalle,Beetlestone,kbeetlestone8k@ovh.net,Male
310,Maggy,Briston,mbriston8l@mayoclinic.com,Female
311,Flore,O'Duilleain,foduilleain8m@a8.net,Female
312,Ileana,McGeouch,imcgeouch8n@spotify.com,Female
313,Bruce,Davio,bdavio8o@sourceforge.net,Bigender
314,Minetta,Node,mnode8p@goo.gl,Female
315,Averell,Le febre,alefebre8q@multiply.com,Genderqueer
316,Kermie,Dilworth,kdilworth8r@shareasale.com,Male
317,Aylmer,Gaye,agaye8s@ustream.tv,Male
318,Teena,Bellhouse,tbellhouse8t@rakuten.co.jp,Female
319,Clerkclaude,Gentil,cgentil8u@boston.com,Male
320,Staci,Plumbley,splumbley8v@japanpost.jp,Female
321,Kamillah,Polotti,kpolotti8w@fastcompany.com,Female
322,Wildon,Earland,wearland8x@discuz.net,Male
323,Jamima,Najafian,jnajafian8y@a8.net,Female
324,Sandy,Churchman,schurchman8z@seesaa.net,Female
325,Marice,Thaxton,mthaxton90@wikispaces.com,Female
326,Yank,Von Oertzen,yvonoertzen91@foxnews.com,Male
327,Aurelie,Gingel,agingel92@hc360.com,Female
328,Toinette,Westcar,twestcar93@sakura.ne.jp,Female
329,Hoyt,Hardy,hhardy94@wsj.com,Male
330,Dominick,Antyshev,dantyshev95@bloglovin.com,Male
331,Kellia,Bew,kbew96@linkedin.com,Agender
332,Brittani,Revance,brevance97@unesco.org,Female
333,Dagny,Anfossi,danfossi98@nyu.edu,Male
334,Worthy,Brierton,wbrierton99@merriam-webster.com,Male
335,Vidovic,Yerborn,vyerborn9a@reuters.com,Male
336,Donaugh,Winslow,dwinslow9b@imageshack.us,Male
337,Tonie,Smaridge,tsmaridge9c@icio.us,Female
338,Greer,Frankton,gfrankton9d@dmoz.org,Female
339,Carolee,McGloin,cmcgloin9e@newyorker.com,Female
340,Marena,McPaik,mmcpaik9f@theguardian.com,Agender
341,Loralyn,Gillford,lgillford9g@yahoo.co.jp,Female
342,Georgia,Josefson,gjosefson9h@businessweek.com,Female
343,Alyss,Berrygun,aberrygun9i@amazonaws.com,Polygender
344,Appolonia,Dowdle,adowdle9j@discuz.net,Genderqueer
345,Allison,Newling,anewling9k@springer.com,Female
346,Randene,Ridoutt,rridoutt9l@shop-pro.jp,Female
347,Bondie,Rolingson,brolingson9m@webs.com,Male
348,Christoffer,Broadbent,cbroadbent9n@sogou.com,Male
349,Antonella,Grenshields,agrenshields9o@dropbox.com,Female
350,Radcliffe,Hugonin,rhugonin9p@indiatimes.com,Male
351,Hyatt,Maffy,hmaffy9q@oaic.gov.au,Male
352,Pandora,Gorvin,pgorvin9r@vimeo.com,Female
353,Karl,Cuncliffe,kcuncliffe9s@cmu.edu,Male
354,Jabez,Soppitt,jsoppitt9t@tripod.com,Male
355,Hayden,Heis,hheis9u@trellian.com,Male
356,Craggie,Millthorpe,cmillthorpe9v@businessinsider.com,Male
357,Webster,Guiness,wguiness9w@reference.com,Male
358,Adey,Excell,aexcell9x@fastcompany.com,Female
359,Denver,Tillyer,dtillyer9y@usa.gov,Male
360,Guthry,Stevenson,gstevenson9z@skype.com,Male
361,Siouxie,Panther,spanthera0@wordpress.org,Female
362,Dela,Trineman,dtrinemana1@vk.com,Female
363,Brad,Clulee,bcluleea2@oracle.com,Male
364,Morgan,Studman,mstudmana3@netscape.com,Male
365,Nealon,Souter,nsoutera4@woothemes.com,Male
366,Marsha,Figure,mfigurea5@oracle.com,Female
367,Valenka,Palia,vpaliaa6@wunderground.com,Female
368,Shadow,Thunnerclef,sthunnerclefa7@bigcartel.com,Male
369,Mathian,Gohn,mgohna8@sourceforge.net,Male
370,Sherrie,Dawtry,sdawtrya9@example.com,Non-binary
371,Rafael,Enos,renosaa@yolasite.com,Genderqueer
372,Skip,Amberger,sambergerab@mozilla.com,Non-binary
373,Cortney,Crisall,ccrisallac@unicef.org,Female
374,Tallia,Mion,tmionad@skyrock.com,Female
375,Steffen,Abramski,sabramskiae@networksolutions.com,Male
376,George,Mowett,gmowettaf@un.org,Genderfluid
377,Alicea,Domelow,adomelowag@google.ca,Female
378,Bette,Tredger,btredgerah@samsung.com,Female
379,Davina,Moors,dmoorsai@who.int,Female
380,Dani,Tiller,dtilleraj@bloglines.com,Bigender
381,Ashil,Rubenczyk,arubenczykak@i2i.jp,Genderfluid
382,Jillene,Goldes,jgoldesal@pagesperso-orange.fr,Female
383,Rinaldo,Tomicki,rtomickiam@mit.edu,Male
384,Rockwell,Dewick,rdewickan@printfriendly.com,Male
385,Boyce,Steeples,bsteeplesao@xrea.com,Male
386,Nada,Crasford,ncrasfordap@technorati.com,Female
387,Farra,Giroldo,fgiroldoaq@tmall.com,Female
388,Veronique,Castan,vcastanar@discuz.net,Female
389,Philip,Volker,pvolkeras@paypal.com,Male
390,Lionello,Lewton,llewtonat@bing.com,Male
391,Peter,Dampney,pdampneyau@eepurl.com,Male
392,Lexi,Glassopp,lglassoppav@opera.com,Female
393,Terza,Bickerstaffe,tbickerstaffeaw@ycombinator.com,Female
394,Nikolaus,Grieves,ngrievesax@yellowpages.com,Male
395,Rowan,Siggee,rsiggeeay@shareasale.com,Male
396,Cointon,Polon,cpolonaz@blinklist.com,Genderqueer
397,Holli,Cona,hconab0@wsj.com,Female
398,Jessika,Zammett,jzammettb1@about.com,Female
399,Guy,Rubinowitsch,grubinowitschb2@timesonline.co.uk,Male
400,Gabbie,Coniff,gconiffb3@histats.com,Female
401,Jasun,Hawgood,jhawgoodb4@people.com.cn,Male
402,Hilliard,Cicchillo,hcicchillob5@flickr.com,Male
403,Letta,Burlingham,lburlinghamb6@tumblr.com,Female
404,Mychal,Dunk,mdunkb7@sfgate.com,Male
405,Kathlin,Andrysiak,kandrysiakb8@privacy.gov.au,Female
406,Von,Mathonnet,vmathonnetb9@theguardian.com,Male
407,Gardie,Keats,gkeatsba@webnode.com,Genderqueer
408,Tonye,Hacksby,thacksbybb@narod.ru,Female
409,Gus,Tindall,gtindallbc@exblog.jp,Male
410,Stephannie,Blackesland,sblackeslandbd@nbcnews.com,Female
411,Eugen,Bissell,ebissellbe@imageshack.us,Male
412,Bernetta,Faldo,bfaldobf@e-recht24.de,Female
413,Broderic,Wolfenden,bwolfendenbg@ocn.ne.jp,Genderqueer
414,Colene,Hardaway,chardawaybh@lycos.com,Bigender
415,Essa,Brevetor,ebrevetorbi@tumblr.com,Agender
416,Petunia,Feye,pfeyebj@ft.com,Female
417,Thomasina,Lancetter,tlancetterbk@alexa.com,Female
418,Delphine,Faveryear,dfaveryearbl@csmonitor.com,Female
419,Eben,Balkwill,ebalkwillbm@is.gd,Male
420,Molli,Coysh,mcoyshbn@nhs.uk,Female
421,Eleanore,Climo,eclimobo@yellowbook.com,Female
422,Mario,Munday,mmundaybp@latimes.com,Male
423,Osgood,Byneth,obynethbq@time.com,Bigender
424,Alejoa,Borth,aborthbr@apple.com,Bigender
425,Sky,Syncke,ssynckebs@dailymail.co.uk,Male
426,Meryl,Cline,mclinebt@yandex.ru,Male
427,Korey,Beake,kbeakebu@sogou.com,Male
428,Kippie,Lamb-shine,klambshinebv@opensource.org,Female
429,Jarret,Glavin,jglavinbw@japanpost.jp,Male
430,Dory,Caroli,dcarolibx@dailymotion.com,Male
431,Dennie,Furness,dfurnessby@deliciousdays.com,Male
432,Bronny,Wilse,bwilsebz@sakura.ne.jp,Genderfluid
433,Laural,Wallbridge,lwallbridgec0@google.com.au,Female
434,Domini,Pexton,dpextonc1@loc.gov,Female
435,Tristan,Leverson,tleversonc2@gnu.org,Male
436,Daisey,Cottam,dcottamc3@harvard.edu,Genderqueer
437,Katuscha,Tooke,ktookec4@narod.ru,Female
438,Giusto,Newiss,gnewissc5@mediafire.com,Male
439,Emmaline,Onn,eonnc6@biblegateway.com,Non-binary
440,Daven,Rheubottom,drheubottomc7@reddit.com,Male
441,Jammal,Bench,jbenchc8@merriam-webster.com,Male
442,Junina,Crowthe,jcrowthec9@plala.or.jp,Female
443,Gilli,Bexley,gbexleyca@foxnews.com,Female
444,Cordy,Sturge,csturgecb@flavors.me,Male
445,Kurt,Ranyard,kranyardcc@umn.edu,Male
446,Tim,Hayton,thaytoncd@usnews.com,Male
447,Tremayne,Goforth,tgoforthce@wikia.com,Genderfluid
448,Noami,Gerdts,ngerdtscf@tinyurl.com,Female
449,Ynes,Caroli,ycarolicg@ning.com,Female
450,Sydelle,Artrick,sartrickch@economist.com,Female
451,Claire,Fortey,cforteyci@webeden.co.uk,Female
452,Clarance,Aidler,caidlercj@gravatar.com,Male
453,Ferguson,Lars,flarsck@netvibes.com,Male
454,Vladimir,Huttley,vhuttleycl@techcrunch.com,Male
455,Gerhardt,Vickress,gvickresscm@timesonline.co.uk,Male
456,Bill,Noice,bnoicecn@list-manage.com,Male
457,Isidore,McKinnell,imckinnellco@nature.com,Male
458,Cross,Welds,cweldscp@canalblog.com,Male
459,Alair,Joron,ajoroncq@imageshack.us,Male
460,Anny,Dodworth,adodworthcr@addtoany.com,Female
461,Fletcher,Polson,fpolsoncs@tumblr.com,Male
462,Austine,Fonso,afonsoct@pen.io,Female
463,Langsdon,Giacomucci,lgiacomuccicu@dion.ne.jp,Male
464,Gertrude,Finlayson,gfinlaysoncv@soup.io,Female
465,Shane,Cherm,schermcw@newsvine.com,Male
466,Alexandros,Rosberg,arosbergcx@slashdot.org,Male
467,Aymer,Grundell,agrundellcy@statcounter.com,Male
468,Joan,Maggiore,jmaggiorecz@apple.com,Female
469,Liam,Colbert,lcolbertd0@google.com.au,Male
470,Romonda,Behneke,rbehneked1@yahoo.com,Female
471,Jaime,Burnyate,jburnyated2@mail.ru,Male
472,Harald,Loxston,hloxstond3@amazon.de,Male
473,Shaine,Joliffe,sjoliffed4@furl.net,Female
474,Ira,Saffrin,isaffrind5@pen.io,Female
475,Normie,Olenchikov,nolenchikovd6@myspace.com,Male
476,Rodi,Wendover,rwendoverd7@webnode.com,Non-binary
477,Olenolin,Tuer,otuerd8@creativecommons.org,Male
478,Boy,Wickmann,bwickmannd9@icq.com,Male
479,Stevie,Dannel,sdannelda@economist.com,Male
480,Nikolai,McMakin,nmcmakindb@epa.gov,Non-binary
481,Gerhard,Wordley,gwordleydc@moonfruit.com,Male
482,Bernard,Varran,bvarrandd@tumblr.com,Male
483,Maje,Mortel,mmortelde@elpais.com,Male
484,Bank,Rudsdale,brudsdaledf@vinaora.com,Male
485,Pacorro,Sparwell,psparwelldg@samsung.com,Male
486,Rosabel,Raynes,rraynesdh@elpais.com,Female
487,Moore,Kanzler,mkanzlerdi@hud.gov,Male
488,Lyn,Trout,ltroutdj@zdnet.com,Male
489,Philippe,Orpyne,porpynedk@joomla.org,Female
490,Olivier,Pourvoieur,opourvoieurdl@bbb.org,Male
491,Dalis,Stobbe,dstobbedm@pcworld.com,Male
492,Franny,Yerbury,fyerburydn@arizona.edu,Female
493,Rebekah,McGragh,rmcgraghdo@artisteer.com,Female
494,Bogart,Askie,baskiedp@hao123.com,Male
495,Ransell,Alton,raltondq@hatena.ne.jp,Male
496,Kelly,Stearn,kstearndr@icq.com,Female
497,Sioux,Caldera,scalderads@ameblo.jp,Female
498,Dredi,Heckney,dheckneydt@woothemes.com,Female
499,Bernelle,Halsho,bhalshodu@army.mil,Female
500,Shepard,Gelly,sgellydv@chronoengine.com,Male
501,Krishna,Dmtrovic,kdmtrovicdw@phpbb.com,Male
502,Honoria,Tabbernor,htabbernordx@over-blog.com,Female
503,Angelico,Moreno,amorenody@army.mil,Male
504,Titus,Groocock,tgroocockdz@mapquest.com,Male
505,Raye,Skirling,rskirlinge0@sourceforge.net,Female
506,Diane-marie,Brockton,dbrocktone1@gov.uk,Female
507,Fernandina,Pardew,fpardewe2@ovh.net,Female
508,Mina,Lambeth,mlambethe3@tripadvisor.com,Female
509,Elka,Gasticke,egastickee4@yellowbook.com,Female
510,Kimberlyn,Edmonstone,kedmonstonee5@ebay.co.uk,Female
511,Derry,Dallas,ddallase6@photobucket.com,Agender
512,Alejoa,Rowesby,arowesbye7@nydailynews.com,Male
513,Leonerd,Branscomb,lbranscombe8@economist.com,Agender
514,Anabel,Pawling,apawlinge9@technorati.com,Female
515,Bryce,Prahl,bprahlea@tmall.com,Male
516,Othilia,Bover,obovereb@blogs.com,Female
517,Ogdan,Trowill,otrowillec@walmart.com,Male
518,Irving,Hirschmann,ihirschmanned@hubpages.com,Male
519,Frants,Saye,fsayeee@nhs.uk,Male
520,Boothe,Coldtart,bcoldtartef@paypal.com,Male
521,Ibby,Wagg,iwaggeg@amazon.co.jp,Female
522,Ailyn,Trillo,atrilloeh@dot.gov,Female
523,Levin,Buckingham,lbuckinghamei@ask.com,Male
524,Teriann,Sodory,tsodoryej@jugem.jp,Female
525,Anatollo,Schlagtmans,aschlagtmansek@sbwire.com,Male
526,Lotti,Haestier,lhaestierel@merriam-webster.com,Polygender
527,Austina,Sumption,asumptionem@t-online.de,Female
528,Owen,Nucci,onuccien@booking.com,Male
529,Herold,Gobell,hgobelleo@t.co,Male
530,Say,Lowton,slowtonep@pagesperso-orange.fr,Male
531,Cortie,Loosley,cloosleyeq@cisco.com,Male
532,Juli,Gabitis,jgabitiser@cpanel.net,Agender
533,Nanon,Senter,nsenteres@scientificamerican.com,Female
534,Hope,O'Hare,hohareet@soundcloud.com,Female
535,Quent,Metheringham,qmetheringhameu@symantec.com,Male
536,Daveen,Key,dkeyev@devhub.com,Female
537,Manfred,Puddephatt,mpuddephattew@mit.edu,Male
538,Keir,Covolini,kcovoliniex@devhub.com,Male
539,Alana,Coburn,acoburney@nba.com,Female
540,Dalston,McClaughlin,dmcclaughlinez@fotki.com,Male
541,Waneta,Lanigan,wlaniganf0@unc.edu,Female
542,Ulrike,Fleetwood,ufleetwoodf1@squidoo.com,Female
543,Billie,Askham,baskhamf2@oracle.com,Non-binary
544,Bartlet,Cunnington,bcunningtonf3@kickstarter.com,Genderqueer
545,Manon,Ecclestone,mecclestonef4@whitehouse.gov,Female
546,Eldridge,Laird,elairdf5@timesonline.co.uk,Agender
547,Edgard,Noraway,enorawayf6@msu.edu,Male
548,Devin,Alvarez,dalvarezf7@ow.ly,Male
549,Wye,Wade,wwadef8@independent.co.uk,Male
550,Mariann,Geratasch,mgerataschf9@nsw.gov.au,Female
551,Remington,Tutill,rtutillfa@earthlink.net,Male
552,Cristi,Dufton,cduftonfb@addthis.com,Female
553,Gladi,Bridgland,gbridglandfc@answers.com,Non-binary
554,Sam,Core,scorefd@dagondesign.com,Female
555,Odo,MacKnockiter,omacknockiterfe@g.co,Male
556,Kelvin,Jell,kjellff@gravatar.com,Male
557,Bibby,Lieb,bliebfg@europa.eu,Female
558,Hieronymus,Paoli,hpaolifh@hc360.com,Male
559,Charlotta,Vereker,cverekerfi@paypal.com,Female
560,Bernard,Charte,bchartefj@loc.gov,Male
561,Niko,Kimbrey,nkimbreyfk@google.co.jp,Male
562,Merrili,Sone,msonefl@quantcast.com,Female
563,Davidson,Bellows,dbellowsfm@usa.gov,Male
564,Avram,Hutchison,ahutchisonfn@google.nl,Male
565,Phil,Spaducci,pspaduccifo@pcworld.com,Male
566,Margret,Graal,mgraalfp@nydailynews.com,Female
567,Waiter,Stenners,wstennersfq@hostgator.com,Male
568,Jamil,Shearman,jshearmanfr@vk.com,Male
569,Jacquelin,Matchell,jmatchellfs@miitbeian.gov.cn,Female
570,Adrien,Noell,anoellft@exblog.jp,Male
571,Vivie,Hillock,vhillockfu@amazon.co.jp,Female
572,Idelle,Kennett,ikennettfv@ovh.net,Female
573,Harp,Dales,hdalesfw@tumblr.com,Male
574,Nicol,Willatt,nwillattfx@businessweek.com,Male
575,Phillida,Trahar,ptraharfy@mediafire.com,Genderqueer
576,Ara,Worling,aworlingfz@economist.com,Female
577,Haven,Beverstock,hbeverstockg0@discovery.com,Male
578,Burr,MacKain,bmackaing1@technorati.com,Male
579,Kelsey,Mollin,kmolling2@nyu.edu,Male
580,Lewie,Trumble,ltrumbleg3@timesonline.co.uk,Male
581,Wandie,Clarkin,wclarking4@cornell.edu,Female
582,Donni,Aaron,daarong5@answers.com,Female
583,Camella,Rives,crivesg6@360.cn,Female
584,Katharina,Eslie,keslieg7@hexun.com,Female
585,Karrah,Balstone,kbalstoneg8@shinystat.com,Female
586,Nessi,Connah,nconnahg9@myspace.com,Female
587,Victor,Grimwade,vgrimwadega@dot.gov,Male
588,Chuck,Dobbinson,cdobbinsongb@va.gov,Male
589,Shepherd,Galer,sgalergc@geocities.com,Male
590,Valentin,Coulling,vcoullinggd@mediafire.com,Male
591,Perceval,Grandham,pgrandhamge@msu.edu,Male
592,Sherm,Gogerty,sgogertygf@utexas.edu,Genderqueer
593,Janel,Trevethan,jtrevethangg@bandcamp.com,Female
594,Giovanni,Tynewell,gtynewellgh@dagondesign.com,Male
595,Sherill,O'Callaghan,socallaghangi@creativecommons.org,Female
596,Charmane,Gallanders,cgallandersgj@nifty.com,Female
597,Zechariah,Widmoor,zwidmoorgk@businessweek.com,Male
598,Barde,Calverley,bcalverleygl@foxnews.com,Male
599,Butch,Churchman,bchurchmangm@mysql.com,Male
600,Adelina,Pohlak,apohlakgn@netscape.com,Female
601,Ker,Gale,kgalego@php.net,Male
602,Katharina,Marle,kmarlegp@seattletimes.com,Female
603,Shepard,Dupey,sdupeygq@constantcontact.com,Male
604,Minnaminnie,Birds,mbirdsgr@forbes.com,Agender
605,Ellis,Mugglestone,emugglestonegs@mediafire.com,Male
606,Constancy,Gabriel,cgabrielgt@ameblo.jp,Female
607,Roman,Roycroft,rroycroftgu@theatlantic.com,Male
608,Ches,Lissandrini,clissandrinigv@china.com.cn,Male
609,Norrie,Whiteman,nwhitemangw@youku.com,Male
610,Charis,Rosenbarg,crosenbarggx@blog.com,Female
611,Ford,McEwan,fmcewangy@walmart.com,Male
612,Moore,Ruppertz,mruppertzgz@deviantart.com,Male
613,Odell,Schaffel,oschaffelh0@redcross.org,Male
614,Swen,Sylvaine,ssylvaineh1@altervista.org,Male
615,Loydie,Firidolfi,lfiridolfih2@arizona.edu,Male
616,Manuel,McGrane,mmcgraneh3@odnoklassniki.ru,Male
617,Matelda,Toplis,mtoplish4@admin.ch,Female
618,Brad,Crystal,bcrystalh5@dyndns.org,Male
619,Wilmer,Pledge,wpledgeh6@biglobe.ne.jp,Male
620,Bartie,Spellward,bspellwardh7@google.co.jp,Male
621,Drugi,Dorrington,ddorringtonh8@g.co,Male
622,Eileen,Duran,eduranh9@deliciousdays.com,Female
623,Bron,MacKomb,bmackombha@nih.gov,Male
624,Vivi,Cosgrave,vcosgravehb@homestead.com,Female
625,Lynelle,Rosenbush,lrosenbushhc@issuu.com,Female
626,Kaiser,Hurling,khurlinghd@nhs.uk,Male
627,Kassandra,Chisholme,kchisholmehe@odnoklassniki.ru,Female
628,Calida,Whylie,cwhyliehf@merriam-webster.com,Female
629,Gradeigh,Louth,glouthhg@theglobeandmail.com,Male
630,Martynne,Cullinan,mcullinanhh@prweb.com,Female
631,Genevieve,Tassell,gtassellhi@google.pl,Female
632,Wynne,Andrat,wandrathj@exblog.jp,Female
633,Leena,Emblem,lemblemhk@go.com,Female
634,Casper,Magner,cmagnerhl@auda.org.au,Male
635,Husain,Faraker,hfarakerhm@wordpress.org,Male
636,Bren,Howells,bhowellshn@techcrunch.com,Male
637,Sutherlan,Silson,ssilsonho@google.co.jp,Male
638,Meghan,Dimitrescu,mdimitrescuhp@psu.edu,Female
639,Nike,Duval,nduvalhq@nasa.gov,Female
640,Den,Lawtey,dlawteyhr@fastcompany.com,Male
641,Bunnie,Dibdin,bdibdinhs@oakley.com,Female
642,Harlie,Pilsworth,hpilsworthht@rambler.ru,Female
643,Jayne,Naerup,jnaeruphu@slideshare.net,Agender
644,Bernita,Muzzullo,bmuzzullohv@latimes.com,Female
645,Lamond,Rusk,lruskhw@wikia.com,Agender
646,Miltie,McFadden,mmcfaddenhx@people.com.cn,Male
647,Adelaida,Devenport,adevenporthy@webeden.co.uk,Female
648,Linnet,Wartnaby,lwartnabyhz@networksolutions.com,Female
649,Wilmar,Prozescky,wprozesckyi0@pagesperso-orange.fr,Polygender
650,Kessia,Giovanazzi,kgiovanazzii1@cloudflare.com,Female
651,Ellyn,Blazeby,eblazebyi2@flavors.me,Female
652,Dalia,Delucia,ddeluciai3@nhs.uk,Female
653,Chandra,Tofpik,ctofpiki4@nymag.com,Female
654,Alva,Bolstridge,abolstridgei5@tinyurl.com,Male
655,Phoebe,Standeven,pstandeveni6@lulu.com,Female
656,Ediva,Deniso,edenisoi7@stumbleupon.com,Bigender
657,Madalyn,Rucklesse,mrucklessei8@theatlantic.com,Female
658,Shina,Donnett,sdonnetti9@sun.com,Female
659,Bernardo,Spore,bsporeia@jigsy.com,Male
660,June,Farndon,jfarndonib@abc.net.au,Female
661,Staford,Stearn,sstearnic@jimdo.com,Male
662,Sherilyn,Cawt,scawtid@constantcontact.com,Female
663,Stephannie,Rosenau,srosenauie@about.com,Female
664,Aigneis,Alvy,aalvyif@yandex.ru,Female
665,Teriann,Tonbridge,ttonbridgeig@ow.ly,Female
666,Thaine,Speere,tspeereih@upenn.edu,Male
667,Abeu,Syme,asymeii@facebook.com,Male
668,Darby,Standing,dstandingij@free.fr,Male
669,Nessie,Kitchinghan,nkitchinghanik@wisc.edu,Female
670,Calv,Storr,cstorril@blog.com,Male
671,Baillie,Keenor,bkeenorim@house.gov,Male
672,Kellina,Caldecutt,kcaldecuttin@xinhuanet.com,Female
673,Myriam,Beel,mbeelio@irs.gov,Female
674,Clarke,Bosworth,cbosworthip@livejournal.com,Male
675,Nikki,Cubbini,ncubbiniiq@time.com,Female
676,Alexandros,Nugent,anugentir@google.ca,Male
677,Tami,Backwell,tbackwellis@nifty.com,Female
678,Jackie,Andrin,jandrinit@instagram.com,Male
679,Allayne,Taffe,ataffeiu@networkadvertising.org,Male
680,Laney,Cumes,lcumesiv@yandex.ru,Male
681,Beverley,Keese,bkeeseiw@msu.edu,Female
682,Harrison,Gaw,hgawix@addthis.com,Male
683,Belvia,Robjant,brobjantiy@wikia.com,Female
684,Kissie,Fawdry,kfawdryiz@soup.io,Female
685,Corine,Coil,ccoilj0@ucoz.ru,Female
686,Georgy,Feares,gfearesj1@webnode.com,Male
687,Christoph,Wickling,cwicklingj2@cam.ac.uk,Male
688,Lindsey,Rothschild,lrothschildj3@gizmodo.com,Male
689,Giustina,Harwell,gharwellj4@mozilla.org,Female
690,Elias,Dablin,edablinj5@slashdot.org,Male
691,Keri,St Quenin,kstqueninj6@answers.com,Female
692,Gilbertine,Gatrell,ggatrellj7@hp.com,Female
693,Eben,Gerritsma,egerritsmaj8@forbes.com,Male
694,Amalita,Yegorovnin,ayegorovninj9@dropbox.com,Female
695,Dee dee,Eckford,deckfordja@senate.gov,Female
696,Lucila,Hellings,lhellingsjb@cbslocal.com,Female
697,Latrena,Hildred,lhildredjc@fc2.com,Female
698,Abagail,Thatcher,athatcherjd@wufoo.com,Female
699,Prudi,Daleman,pdalemanje@shutterfly.com,Female
700,Kayla,Copello,kcopellojf@dell.com,Female
701,Eada,Eaddy,eeaddyjg@youtu.be,Genderqueer
702,Bee,Hargrave,bhargravejh@blinklist.com,Female
703,Fawne,Duchesne,fduchesneji@lulu.com,Female
704,Steward,Mebius,smebiusjj@businessweek.com,Male
705,Cesya,Josilevich,cjosilevichjk@networksolutions.com,Female
706,Errick,Duddell,eduddelljl@cdbaby.com,Male
707,Mylo,MacRierie,mmacrieriejm@thetimes.co.uk,Male
708,Shayne,Staynes,sstaynesjn@nifty.com,Male
709,Papagena,Trueman,ptruemanjo@hc360.com,Genderqueer
710,Roosevelt,Shavel,rshaveljp@hexun.com,Male
711,Joanie,Burnage,jburnagejq@multiply.com,Female
712,Burnaby,Bartoszek,bbartoszekjr@newsvine.com,Male
713,Lottie,Varfolomeev,lvarfolomeevjs@ca.gov,Genderqueer
714,Leila,McAlpin,lmcalpinjt@ed.gov,Female
715,Winnifred,Elliff,welliffju@dmoz.org,Female
716,Amandi,Peealess,apeealessjv@cyberchimps.com,Female
717,Alissa,Longbone,alongbonejw@twitpic.com,Female
718,Kimbra,Bolderoe,kbolderoejx@friendfeed.com,Female
719,Esme,Ferebee,eferebeejy@cdc.gov,Female
720,Palm,Calverley,pcalverleyjz@arstechnica.com,Male
721,Ketty,Defty,kdeftyk0@last.fm,Female
722,Horst,Oleksinski,holeksinskik1@sogou.com,Male
723,Franklyn,Mattusov,fmattusovk2@yahoo.co.jp,Male
724,Gaspard,Stapleton,gstapletonk3@fc2.com,Male
725,Buckie,Realff,brealffk4@ted.com,Male
726,Creighton,Wyman,cwymank5@nifty.com,Male
727,Cly,Schrieves,cschrievesk6@home.pl,Male
728,Glenn,Whittet,gwhittetk7@wunderground.com,Female
729,Ellsworth,Romagnosi,eromagnosik8@skyrock.com,Male
730,Enrica,Furman,efurmank9@businesswire.com,Female
731,Kris,Attreed,kattreedka@mapquest.com,Female
732,Stace,Gosnold,sgosnoldkb@ning.com,Female
733,Biddy,Esler,beslerkc@xrea.com,Female
734,Gasparo,Barron,gbarronkd@unicef.org,Male
735,Greg,Pasterfield,gpasterfieldke@360.cn,Male
736,Simone,Phette,sphettekf@ifeng.com,Female
737,Cornie,Stiegars,cstiegarskg@ehow.com,Bigender
738,Kendricks,Brennan,kbrennankh@mail.ru,Male
739,Dougie,Guslon,dguslonki@about.com,Male
740,Ag,Wyvill,awyvillkj@epa.gov,Genderqueer
741,Alvan,Gyurko,agyurkokk@facebook.com,Male
742,Pammi,Doe,pdoekl@alibaba.com,Female
743,Orelle,Payfoot,opayfootkm@lycos.com,Female
744,Pedro,Arnholz,parnholzkn@printfriendly.com,Agender
745,Ado,Johnke,ajohnkeko@pen.io,Male
746,Brodie,Cavaney,bcavaneykp@earthlink.net,Male
747,Sonnie,Eat,seatkq@plala.or.jp,Male
748,Paxon,Antonov,pantonovkr@cmu.edu,Male
749,Reidar,Robilliard,rrobilliardks@columbia.edu,Male
750,Dame,Antonazzi,dantonazzikt@weibo.com,Male
751,Laurens,Salters,lsaltersku@tumblr.com,Male
752,Erich,Simonin,esimoninkv@trellian.com,Male
753,Elicia,Milier,emilierkw@umich.edu,Female
754,Antonina,Winterson,awintersonkx@amazon.com,Female
755,Auria,Reucastle,areucastleky@vkontakte.ru,Female
756,Abdel,Mascall,amascallkz@intel.com,Male
757,Carissa,Wimp,cwimpl0@prweb.com,Female
758,Andrei,Sisey,asiseyl1@yale.edu,Female
759,Moina,Maskrey,mmaskreyl2@wp.com,Female
760,Nikki,Dawson,ndawsonl3@gravatar.com,Female
761,Verne,Ashforth,vashforthl4@hc360.com,Male
762,Hinze,Gecke,hgeckel5@smh.com.au,Male
763,Miranda,Petruszka,mpetruszkal6@hhs.gov,Female
764,Tasha,Torrance,ttorrancel7@washington.edu,Female
765,Catherina,Jorez,cjorezl8@icq.com,Female
766,Killy,Gebuhr,kgebuhrl9@ucla.edu,Male
767,Darnell,McCloud,dmccloudla@cocolog-nifty.com,Male
768,Kevon,Bernardos,kbernardoslb@pinterest.com,Male
769,Lorita,Farr,lfarrlc@businessinsider.com,Female
770,Sonja,Pughsley,spughsleyld@tripadvisor.com,Female
771,Liane,Minchi,lminchile@shop-pro.jp,Genderqueer
772,Gennifer,Chillingworth,gchillingworthlf@virginia.edu,Female
773,Craggie,Capron,ccapronlg@geocities.jp,Non-binary
774,Garrett,Daville,gdavillelh@drupal.org,Male
775,Camey,McGairl,cmcgairlli@ucla.edu,Male
776,Nikita,Dohmer,ndohmerlj@simplemachines.org,Male
777,Ulberto,Annakin,uannakinlk@addtoany.com,Male
778,Keven,Boyfield,kboyfieldll@adobe.com,Male
779,Brennan,Gregson,bgregsonlm@blogs.com,Male
780,Davita,Yancey,dyanceyln@flickr.com,Female
781,Merrick,Bauser,mbauserlo@slashdot.org,Male
782,Sile,Hallett,shallettlp@posterous.com,Non-binary
783,Yanaton,Sancho,ysancholq@tuttocitta.it,Male
784,Katharine,Klimochkin,kklimochkinlr@chron.com,Polygender
785,Robbyn,Polland,rpollandls@cafepress.com,Female
786,Natty,Wixon,nwixonlt@ihg.com,Male
787,Joly,Chatfield,jchatfieldlu@cmu.edu,Female
788,Cristal,Arnaudon,carnaudonlv@bing.com,Female
789,Mavra,Yearnsley,myearnsleylw@miitbeian.gov.cn,Female
790,Sophronia,Clapp,sclapplx@hp.com,Female
791,Brigit,Tomaszewski,btomaszewskily@nps.gov,Female
792,Lotta,Uphill,luphilllz@over-blog.com,Female
793,Hieronymus,Joder,hjoderm0@netlog.com,Male
794,Daniela,Spurgin,dspurginm1@artisteer.com,Female
795,Larisa,Patrick,lpatrickm2@mediafire.com,Female
796,Cristabel,Maylor,cmaylorm3@cornell.edu,Female
797,Eliot,Axston,eaxstonm4@i2i.jp,Male
798,Ruy,Newbury,rnewburym5@opera.com,Bigender
799,Allx,Tebbe,atebbem6@networksolutions.com,Female
800,Ulrich,McGettrick,umcgettrickm7@google.ru,Genderfluid
801,Raina,Arniz,rarnizm8@discuz.net,Female
802,Christian,Money,cmoneym9@newsvine.com,Male
803,Lorianna,Harsant,lharsantma@simplemachines.org,Female
804,Nelson,Eskriet,neskrietmb@patch.com,Genderfluid
805,Carmina,Steggals,csteggalsmc@pagesperso-orange.fr,Female
806,Em,Balbeck,ebalbeckmd@bbc.co.uk,Female
807,Robby,Jackes,rjackesme@indiatimes.com,Female
808,Theressa,Goodhew,tgoodhewmf@samsung.com,Female
809,Monti,Nekrews,mnekrewsmg@alexa.com,Male
810,Maxy,Bruna,mbrunamh@themeforest.net,Female
811,Halette,Fenix,hfenixmi@digg.com,Female
812,Edan,Muscroft,emuscroftmj@discuz.net,Male
813,Enid,Rojahn,erojahnmk@nps.gov,Female
814,Ephrem,Petto,epettoml@deviantart.com,Male
815,Brandais,Stretton,bstrettonmm@nih.gov,Female
816,Joanne,Sone,jsonemn@guardian.co.uk,Female
817,Wilden,Gerault,wgeraultmo@cmu.edu,Male
818,Archy,Bushel,abushelmp@si.edu,Male
819,Phyllis,Waddilow,pwaddilowmq@nba.com,Female
820,Alfi,Seargeant,aseargeantmr@ow.ly,Female
821,Sheppard,Winridge,swinridgems@taobao.com,Male
822,Aleece,Malster,amalstermt@google.it,Female
823,Delilah,Farmloe,dfarmloemu@creativecommons.org,Genderqueer
824,Phillida,Novotni,pnovotnimv@amazon.de,Female
825,Ron,Beeho,rbeehomw@who.int,Male
826,Eula,Tidcombe,etidcombemx@spiegel.de,Female
827,Aeriell,Crowest,acrowestmy@discuz.net,Female
828,Huberto,Wibberley,hwibberleymz@mozilla.org,Male
829,Mirilla,Meriguet,mmeriguetn0@google.ca,Agender
830,Gamaliel,Narrie,gnarrien1@cnet.com,Male
831,Loydie,Rippingall,lrippingalln2@opensource.org,Agender
832,Paula,Forbear,pforbearn3@soundcloud.com,Bigender
833,Sidnee,Colaco,scolacon4@umn.edu,Male
834,Bryn,Grose,bgrosen5@goo.ne.jp,Female
835,Ethan,Deppe,edeppen6@dot.gov,Male
836,Siegfried,Dismore,sdismoren7@nymag.com,Male
837,Zack,Udie,zudien8@berkeley.edu,Male
838,Jenica,Magauran,jmagaurann9@aboutads.info,Female
839,Arlin,Hagland,ahaglandna@indiegogo.com,Male
840,Brit,Perello,bperellonb@flavors.me,Female
841,Valera,Doneld,vdoneldnc@spiegel.de,Female
842,Lindsay,Pierson,lpiersonnd@ed.gov,Bigender
843,Charles,Jillings,cjillingsne@booking.com,Male
844,Tomasina,Kinkade,tkinkadenf@oaic.gov.au,Female
845,Symon,Skepper,sskepperng@boston.com,Male
846,Cristiano,Smallpiece,csmallpiecenh@ameblo.jp,Male
847,Connor,Clemoes,cclemoesni@forbes.com,Male
848,Luca,Nevins,lnevinsnj@boston.com,Male
849,Vern,Liversidge,vliversidgenk@purevolume.com,Male
850,Ardith,Friskey,afriskeynl@boston.com,Bigender
851,Pincus,Petley,ppetleynm@yahoo.co.jp,Male
852,Amandy,Waterworth,awaterworthnn@cbslocal.com,Female
853,Devin,Sheward,dshewardno@zimbio.com,Female
854,Godiva,Brothwell,gbrothwellnp@mozilla.com,Female
855,Kerianne,Albrooke,kalbrookenq@fastcompany.com,Female
856,Kip,Waltho,kwalthonr@sciencedirect.com,Male
857,Darnell,Leake,dleakens@si.edu,Male
858,Meggy,Leadbetter,mleadbetternt@about.com,Female
859,Danita,Bikker,dbikkernu@accuweather.com,Female
860,Marthe,Smolan,msmolannv@moonfruit.com,Female
861,Nance,Gadman,ngadmannw@infoseek.co.jp,Female
862,Eda,Fiddiman,efiddimannx@utexas.edu,Female
863,Heath,Gawler,hgawlerny@google.com,Male
864,Honor,Ghelarducci,hghelarduccinz@cargocollective.com,Female
865,Joela,Readshaw,jreadshawo0@yelp.com,Female
866,Diane,McCarroll,dmccarrollo1@ezinearticles.com,Female
867,Noami,Olek,noleko2@miibeian.gov.cn,Female
868,Harbert,Abelson,habelsono3@oracle.com,Male
869,Broddie,Bigland,bbiglando4@unblog.fr,Male
870,Hazel,Drane,hdraneo5@spiegel.de,Non-binary
871,Noel,MacKnockiter,nmacknockitero6@cpanel.net,Agender
872,Luce,Demogeot,ldemogeoto7@sbwire.com,Female
873,Bessie,Purver,bpurvero8@fema.gov,Female
874,Aileen,Kilcullen,akilculleno9@mysql.com,Bigender
875,Kylie,Franchioni,kfranchionioa@dot.gov,Male
876,Mikey,Cervantes,mcervantesob@51.la,Genderfluid
877,Gearalt,Markie,gmarkieoc@wikispaces.com,Male
878,Leonhard,Colicot,lcolicotod@blog.com,Genderfluid
879,Juliana,Crosoer,jcrosoeroe@list-manage.com,Female
880,Brendon,De Gogay,bdegogayof@npr.org,Male
881,Nicolea,Baumber,nbaumberog@seesaa.net,Female
882,Genny,Frangello,gfrangellooh@google.com.au,Female
883,Koenraad,Scola,kscolaoi@photobucket.com,Male
884,Tani,O'Dwyer,todwyeroj@yellowpages.com,Female
885,Gene,Buckel,gbuckelok@meetup.com,Male
886,Lilla,Godball,lgodballol@sina.com.cn,Female
887,Franzen,Pizzey,fpizzeyom@independent.co.uk,Male
888,Terry,Passby,tpassbyon@reddit.com,Male
889,Susann,Bartlomieczak,sbartlomieczakoo@example.com,Female
890,Brewster,Somes,bsomesop@paypal.com,Male
891,Andi,Kempston,akempstonoq@typepad.com,Female
892,Micky,Hevner,mhevneror@bluehost.com,Male
893,Dotti,Frantzeni,dfrantzenios@cloudflare.com,Female
894,Iain,McCaighey,imccaigheyot@mapquest.com,Male
895,Raleigh,Eadington,readingtonou@theguardian.com,Male
896,Skipper,Lathey,slatheyov@studiopress.com,Male
897,Elias,Tichelaar,etichelaarow@photobucket.com,Male
898,Parker,Louys,plouysox@smh.com.au,Male
899,Dunc,Brasner,dbrasneroy@redcross.org,Male
900,Merla,Gumley,mgumleyoz@independent.co.uk,Female
901,Husain,Halliday,hhallidayp0@answers.com,Male
902,Zorine,Foyster,zfoysterp1@php.net,Female
903,Ula,Moraleda,umoraledap2@gmpg.org,Female
904,Wilbert,Cussons,wcussonsp3@bbc.co.uk,Male
905,Hedi,Brecon,hbreconp4@weibo.com,Female
906,Rolfe,Halworth,rhalworthp5@newsvine.com,Male
907,Constantine,Cavie,ccaviep6@sourceforge.net,Male
908,Tull,Siddon,tsiddonp7@army.mil,Genderqueer
909,Melvin,Gerge,mgergep8@harvard.edu,Male
910,Paten,Goose,pgoosep9@mozilla.org,Male
911,Bernardo,Berney,bberneypa@harvard.edu,Male
912,Felicio,Ourtic,fourticpb@google.com,Male
913,Ethelbert,Dagon,edagonpc@moonfruit.com,Male
914,Goldi,MacKilroe,gmackilroepd@cloudflare.com,Female
915,Noam,Garvie,ngarviepe@skype.com,Male
916,Joseph,Henlon,jhenlonpf@so-net.ne.jp,Male
917,Sanders,Rust,srustpg@list-manage.com,Male
918,Milzie,Halbord,mhalbordph@comcast.net,Female
919,Hannis,Wehden,hwehdenpi@elpais.com,Female
920,Cointon,Priditt,cpridittpj@i2i.jp,Male
921,Hadlee,Tuffin,htuffinpk@smh.com.au,Male
922,Aubine,Casebourne,acasebournepl@privacy.gov.au,Female
923,Ferrel,Budd,fbuddpm@theguardian.com,Male
924,Jocko,McCullock,jmccullockpn@amazon.co.uk,Male
925,Flossie,De Rye Barrett,fderyebarrettpo@woothemes.com,Female
926,Westley,Guynemer,wguynemerpp@tinypic.com,Male
927,Tammie,Purchon,tpurchonpq@squidoo.com,Male
928,Malynda,Hamsson,mhamssonpr@economist.com,Female
929,Adrianna,Barradell,abarradellps@miibeian.gov.cn,Female
930,Wernher,Alster,walsterpt@wikipedia.org,Male
931,Gregorio,Coulton,gcoultonpu@bluehost.com,Male
932,Richart,Pavlenkov,rpavlenkovpv@imdb.com,Male
933,Maribel,Birdis,mbirdispw@parallels.com,Female
934,Therine,Woollons,twoollonspx@desdev.cn,Female
935,Clemmy,Keenlayside,ckeenlaysidepy@biglobe.ne.jp,Female
936,Mommy,Jacob,mjacobpz@upenn.edu,Female
937,Nan,Sheringham,nsheringhamq0@amazon.co.jp,Female
938,Dean,Ashbee,dashbeeq1@com.com,Male
939,Rinaldo,Bouda,rboudaq2@ycombinator.com,Male
940,Anthia,Jewkes,ajewkesq3@unesco.org,Female
941,Gilburt,Branthwaite,gbranthwaiteq4@yellowpages.com,Male
942,Cherida,Vinker,cvinkerq5@google.cn,Female
943,Eva,Fredson,efredsonq6@stumbleupon.com,Female
944,Neal,Symones,nsymonesq7@mail.ru,Male
945,Phillida,Belderson,pbeldersonq8@bbc.co.uk,Female
946,Bryant,Macguire,bmacguireq9@sakura.ne.jp,Male
947,Kara-lynn,Lassetter,klassetterqa@accuweather.com,Female
948,Ailina,Gabby,agabbyqb@reuters.com,Female
949,Lucias,Rollitt,lrollittqc@illinois.edu,Male
950,Bernie,Frandsen,bfrandsenqd@earthlink.net,Male
951,Sherlocke,Prew,sprewqe@fema.gov,Male
952,Berte,Lindsley,blindsleyqf@addthis.com,Female
953,Willey,Povele,wpoveleqg@yahoo.com,Male
954,Lutero,Canning,lcanningqh@businessinsider.com,Male
955,Petronia,Slocom,pslocomqi@google.com,Non-binary
956,Earlie,Hrinchenko,ehrinchenkoqj@google.com.br,Male
957,Dayna,Cronin,dcroninqk@comcast.net,Bigender
958,Ada,Fawlo,afawloql@prweb.com,Genderqueer
959,Leonhard,Falconer,lfalconerqm@virginia.edu,Male
960,Von,Storks,vstorksqn@bing.com,Male
961,Christina,Corneliussen,ccorneliussenqo@vk.com,Genderfluid
962,Tiebold,Lazell,tlazellqp@adobe.com,Male
963,Amby,Burree,aburreeqq@hc360.com,Male
964,Ingemar,Hlavecek,ihlavecekqr@webnode.com,Male
965,Legra,Peat,lpeatqs@cisco.com,Female
966,Gayle,Chorley,gchorleyqt@wunderground.com,Male
967,Garrek,Forber,gforberqu@dyndns.org,Non-binary
968,Sinclare,Doyland,sdoylandqv@discuz.net,Male
969,Wright,Weatherall,wweatherallqw@google.ru,Male
970,Darcey,de Castelain,ddecastelainqx@mayoclinic.com,Female
971,Guglielmo,Roos,groosqy@salon.com,Non-binary
972,Juana,Leftwich,jleftwichqz@reverbnation.com,Female
973,Cloe,Rieme,criemer0@examiner.com,Female
974,Mersey,Lovemore,mlovemorer1@independent.co.uk,Female
975,Alleyn,Beeden,abeedenr2@surveymonkey.com,Male
976,Quint,Udey,qudeyr3@cafepress.com,Male
977,Benji,Russel,brusselr4@ask.com,Male
978,Egon,Sweetenham,esweetenhamr5@ifeng.com,Male
979,Cully,Joriot,cjoriotr6@amazonaws.com,Male
980,Prince,Whellans,pwhellansr7@unicef.org,Male
981,Darbee,Simeon,dsimeonr8@slideshare.net,Male
982,Mirabella,Riepl,mrieplr9@comsenz.com,Female
983,Caterina,Kuna,ckunara@harvard.edu,Female
984,Fredelia,Scardifeild,fscardifeildrb@topsy.com,Female
985,Jarred,Gyngyll,jgyngyllrc@zimbio.com,Male
986,Tibold,Henstone,thenstonerd@netvibes.com,Male
987,Hyacinthie,Wynter,hwynterre@timesonline.co.uk,Female
988,Jaquelyn,Grzelczak,jgrzelczakrf@ovh.net,Female
989,Fabien,Kann,fkannrg@printfriendly.com,Male
990,Cleavland,Hargitt,chargittrh@hhs.gov,Male
991,Aimil,Melsome,amelsomeri@blogspot.com,Female
992,Rafaelia,Raper,rraperrj@oracle.com,Female
993,Pennie,Gonin,pgoninrk@smugmug.com,Genderqueer
994,Berny,Strewthers,bstrewthersrl@zimbio.com,Male
995,Gianina,Halt,ghaltrm@usatoday.com,Female
996,Sheilakathryn,Eayres,seayresrn@answers.com,Female
997,Ray,Farnell,rfarnellro@imdb.com,Male
998,Howie,Rousell,hrousellrp@marketwatch.com,Male
999,Gavrielle,Troman,gtromanrq@ow.ly,Female
1000,Tremaine,Rottcher,trottcherrr@scientificamerican.com,Male
